[ "AprilTagPipelineSettings", {
  "pipelineIndex" : 0,
  "pipelineType" : "AprilTag",
  "inputImageRotationMode" : "DEG_0",
  "pipelineNickname" : "800x600d2",
  "cameraAutoExposure" : false,
  "cameraExposure" : 48.6,
  "cameraBrightness" : 50,
  "cameraGain" : -1,
  "cameraRedGain" : -1,
  "cameraBlueGain" : -1,
  "cameraVideoModeIndex" : 5,
  "streamingFrameDivisor" : "NONE",
  "ledMode" : false,
  "inputShouldShow" : false,
  "outputShouldShow" : true,
  "hsvHue" : {
    "first" : 50,
    "second" : 180
  },
  "hsvSaturation" : {
    "first" : 50,
    "second" : 255
  },
  "hsvValue" : {
    "first" : 50,
    "second" : 255
  },
  "hueInverted" : false,
  "outputShouldDraw" : true,
  "outputShowMultipleTargets" : true,
  "contourArea" : {
    "first" : 0.0,
    "second" : 100.0
  },
  "contourRatio" : {
    "first" : 0.0,
    "second" : 20.0
  },
  "contourFullness" : {
    "first" : 0.0,
    "second" : 100.0
  },
  "contourSpecklePercentage" : 5,
  "contourSortMode" : "Largest",
  "contourTargetOffsetPointEdge" : "Center",
  "contourTargetOrientation" : "Landscape",
  "offsetRobotOffsetMode" : "None",
  "offsetSinglePoint" : {
    "x" : 0.0,
    "y" : 0.0
  },
  "offsetDualPointA" : {
    "x" : 0.0,
    "y" : 0.0
  },
  "offsetDualPointAArea" : 0.0,
  "offsetDualPointB" : {
    "x" : 0.0,
    "y" : 0.0
  },
  "offsetDualPointBArea" : 0.0,
  "contourGroupingMode" : "Single",
  "contourIntersection" : "Up",
  "solvePNPEnabled" : true,
  "targetModel" : "k6in_16h5",
  "cornerDetectionStrategy" : "APPROX_POLY_DP_AND_EXTREME_CORNERS",
  "cornerDetectionUseConvexHulls" : true,
  "cornerDetectionExactSideCount" : false,
  "cornerDetectionSideCount" : 4,
  "cornerDetectionAccuracyPercentage" : 10.0,
  "tagFamily" : "kTag16h5",
  "decimate" : 2,
  "blur" : 0.0,
  "threads" : 4,
  "debug" : false,
  "refineEdges" : true,
  "numIterations" : 45,
  "hammingDist" : 0,
  "decisionMargin" : 35
} ]