[ "DriverModePipelineSettings", {
  "pipelineIndex" : -1,
  "pipelineType" : "DriverMode",
  "inputImageRotationMode" : "DEG_0",
  "pipelineNickname" : "Driver Mode",
  "cameraAutoExposure" : false,
  "cameraExposure" : 20.0,
  "cameraBrightness" : 50,
  "cameraGain" : -1,
  "cameraRedGain" : -1,
  "cameraBlueGain" : -1,
  "cameraVideoModeIndex" : 5,
  "streamingFrameDivisor" : "NONE",
  "ledMode" : false,
  "inputShouldShow" : true,
  "outputShouldShow" : true,
  "offsetPoint" : {
    "first" : 0.0,
    "second" : 0.0
  }
} ]